,PubChem_pattern,SMARTS,images
0,Li-H,[#3]~[#1],../data/pubchemfp_pattern_images/0.png
1,Li-Li,[#3]~[#3],../data/pubchemfp_pattern_images/1.png
2,Li-B,[#3]~[#5],../data/pubchemfp_pattern_images/2.png
3,Li-C,[#3]~[#6],../data/pubchemfp_pattern_images/3.png
4,Li-O,[#3]~[#8],../data/pubchemfp_pattern_images/4.png
5,Li-F,[#3]~F,../data/pubchemfp_pattern_images/5.png
6,Li-P,[#3]~P,../data/pubchemfp_pattern_images/6.png
7,Li-S,[#3]~S,../data/pubchemfp_pattern_images/7.png
8,Li-Cl,[#3]~[#17],../data/pubchemfp_pattern_images/8.png
9,B-H,[#5]~[#1],../data/pubchemfp_pattern_images/9.png
10,B-B,[#5]~[#5],../data/pubchemfp_pattern_images/10.png
11,B-C,[#5]~[#6],../data/pubchemfp_pattern_images/11.png
12,B-N,[#5]~[#7],../data/pubchemfp_pattern_images/12.png
13,B-O,[#5]~[#8],../data/pubchemfp_pattern_images/13.png
14,B-F,[#5]~F,../data/pubchemfp_pattern_images/14.png
15,B-Si,[#5]~[#14],../data/pubchemfp_pattern_images/15.png
16,B-P,[#5]~P,../data/pubchemfp_pattern_images/16.png
17,B-S,[#5]~S,../data/pubchemfp_pattern_images/17.png
18,B-Cl,[#5]~[#17],../data/pubchemfp_pattern_images/18.png
19,B-Br,[#5]~[#35],../data/pubchemfp_pattern_images/19.png
20,C-H,[#6]~[#1],../data/pubchemfp_pattern_images/20.png
21,C-C,[#6]~[#6],../data/pubchemfp_pattern_images/21.png
22,C-N,[#6]~[#7],../data/pubchemfp_pattern_images/22.png
23,C-O,[#6]~[#8],../data/pubchemfp_pattern_images/23.png
24,C-F,[#6]~F,../data/pubchemfp_pattern_images/24.png
25,C-Na,[#6]~[#11],../data/pubchemfp_pattern_images/25.png
26,C-Mg,[#6]~[#12],../data/pubchemfp_pattern_images/26.png
27,C-Al,[#6]~[#13],../data/pubchemfp_pattern_images/27.png
28,C-Si,[#6]~[#14],../data/pubchemfp_pattern_images/28.png
29,C-P,[#6]~P,../data/pubchemfp_pattern_images/29.png
30,C-S,[#6]~S,../data/pubchemfp_pattern_images/30.png
31,C-Cl,[#6]~[#17],../data/pubchemfp_pattern_images/31.png
32,C-As,[#6]~[#33],../data/pubchemfp_pattern_images/32.png
33,C-Se,[#6]~[#34],../data/pubchemfp_pattern_images/33.png
34,C-Br,[#6]~[#35],../data/pubchemfp_pattern_images/34.png
35,C-I,[#6]~I,../data/pubchemfp_pattern_images/35.png
36,N-H,[#7]~[#1],../data/pubchemfp_pattern_images/36.png
37,N-N,[#7]~[#7],../data/pubchemfp_pattern_images/37.png
38,N-O,[#7]~[#8],../data/pubchemfp_pattern_images/38.png
39,N-F,[#7]~F,../data/pubchemfp_pattern_images/39.png
40,N-Si,[#7]~[#14],../data/pubchemfp_pattern_images/40.png
41,N-P,[#7]~P,../data/pubchemfp_pattern_images/41.png
42,N-S,[#7]~S,../data/pubchemfp_pattern_images/42.png
43,N-Cl,[#7]~[#17],../data/pubchemfp_pattern_images/43.png
44,N-Br,[#7]~[#35],../data/pubchemfp_pattern_images/44.png
45,O-H,[#8]~[#1],../data/pubchemfp_pattern_images/45.png
46,O-O,[#8]~[#8],../data/pubchemfp_pattern_images/46.png
47,O-Mg,[#8]~[#12],../data/pubchemfp_pattern_images/47.png
48,O-Na,[#8]~[#11],../data/pubchemfp_pattern_images/48.png
49,O-Al,[#8]~[#13],../data/pubchemfp_pattern_images/49.png
50,O-Si,[#8]~[#14],../data/pubchemfp_pattern_images/50.png
51,O-P,[#8]~P,../data/pubchemfp_pattern_images/51.png
52,O-K,[#8]~[#19],../data/pubchemfp_pattern_images/52.png
53,F-P,F~P,../data/pubchemfp_pattern_images/53.png
54,F-S,F~S,../data/pubchemfp_pattern_images/54.png
55,Al-H,[#13]~[#1],../data/pubchemfp_pattern_images/55.png
56,Al-Cl,[#13]~[#17],../data/pubchemfp_pattern_images/56.png
57,Si-H,[#14]~[#1],../data/pubchemfp_pattern_images/57.png
58,Si-Si,[#14]~[#14],../data/pubchemfp_pattern_images/58.png
59,Si-Cl,[#14]~[#17],../data/pubchemfp_pattern_images/59.png
60,P-H,P~[#1],../data/pubchemfp_pattern_images/60.png
61,P-P,P~P,../data/pubchemfp_pattern_images/61.png
62,As-H,[#33]~[#1],../data/pubchemfp_pattern_images/62.png
63,As-As,[#33]~[#33],../data/pubchemfp_pattern_images/63.png
64,C(~Br)(~C),[#6](~[#35])(~[#6]),../data/pubchemfp_pattern_images/64.png
65,C(~Br)(~C)(~C),[#6](~[#35])(~[#6])(~[#6]),../data/pubchemfp_pattern_images/65.png
66,C(~Br)(~H),[#6](~[#35])(~[#1]),../data/pubchemfp_pattern_images/66.png
67,C(~Br)(:C),[#6](~[#35])(:[#6]),../data/pubchemfp_pattern_images/67.png
68,C(~Br)(:N),[#6](~[#35])(:[#7]),../data/pubchemfp_pattern_images/68.png
69,C(~C)(~C),[#6](~[#6])(~[#6]),../data/pubchemfp_pattern_images/69.png
70,C(~C)(~C)(~C),[#6](~[#6])(~[#6])(~[#6]),../data/pubchemfp_pattern_images/70.png
71,C(~C)(~C)(~C)(~C),[#6](~[#6])(~[#6])(~[#6])(~[#6]),../data/pubchemfp_pattern_images/71.png
72,C(~C)(~C)(~C)(~H),[#6](~[#6])(~[#6])(~[#6])(~[#1]),../data/pubchemfp_pattern_images/72.png
73,C(~C)(~C)(~C)(~N),[#6](~[#6])(~[#6])(~[#6])(~[#7]),../data/pubchemfp_pattern_images/73.png
74,C(~C)(~C)(~C)(~O),[#6](~[#6])(~[#6])(~[#6])(~[#8]),../data/pubchemfp_pattern_images/74.png
75,C(~C)(~C)(~H)(~N),[#6](~[#6])(~[#6])(~[#1])(~[#7]),../data/pubchemfp_pattern_images/75.png
76,C(~C)(~C)(~H)(~O),[#6](~[#6])(~[#6])(~[#1])(~[#8]),../data/pubchemfp_pattern_images/76.png
77,C(~C)(~C)(~N),[#6](~[#6])(~[#6])(~[#7]),../data/pubchemfp_pattern_images/77.png
78,C(~C)(~C)(~O),[#6](~[#6])(~[#6])(~[#8]),../data/pubchemfp_pattern_images/78.png
79,C(~C)(~Cl),[#6](~[#6])(~[#17]),../data/pubchemfp_pattern_images/79.png
80,C(~C)(~Cl)(~H),[#6](~[#6])(~[#17])(~[#1]),../data/pubchemfp_pattern_images/80.png
81,C(~C)(~H),[#6](~[#6])(~[#1]),../data/pubchemfp_pattern_images/81.png
82,C(~C)(~H)(~N),[#6](~[#6])(~[#1])(~[#7]),../data/pubchemfp_pattern_images/82.png
83,C(~C)(~H)(~O),[#6](~[#6])(~[#1])(~[#8]),../data/pubchemfp_pattern_images/83.png
84,C(~C)(~H)(~O)(~O),[#6](~[#6])(~[#1])(~[#8])(~[#8]),../data/pubchemfp_pattern_images/84.png
85,C(~C)(~H)(~P),[#6](~[#6])(~[#1])(~P),../data/pubchemfp_pattern_images/85.png
86,C(~C)(~H)(~S),[#6](~[#6])(~[#1])(~S),../data/pubchemfp_pattern_images/86.png
87,C(~C)(~I),[#6](~[#6])(~I),../data/pubchemfp_pattern_images/87.png
88,C(~C)(~N),[#6](~[#6])(~[#7]),../data/pubchemfp_pattern_images/88.png
89,C(~C)(~O),[#6](~[#6])(~[#8]),../data/pubchemfp_pattern_images/89.png
90,C(~C)(~S),[#6](~[#6])(~S),../data/pubchemfp_pattern_images/90.png
91,C(~C)(~Si),[#6](~[#6])(~[#14]),../data/pubchemfp_pattern_images/91.png
92,C(~C)(:C),[#6](~[#6])(:[#6]),../data/pubchemfp_pattern_images/92.png
93,C(~C)(:C)(:C),[#6](~[#6])(:[#6])(:[#6]),../data/pubchemfp_pattern_images/93.png
94,C(~C)(:C)(:N),[#6](~[#6])(:[#6])(:[#7]),../data/pubchemfp_pattern_images/94.png
95,C(~C)(:N),[#6](~[#6])(:[#7]),../data/pubchemfp_pattern_images/95.png
96,C(~C)(:N)(:N),[#6](~[#6])(:[#7])(:[#7]),../data/pubchemfp_pattern_images/96.png
97,C(~Cl)(~Cl),[#6](~[#17])(~[#17]),../data/pubchemfp_pattern_images/97.png
98,C(~Cl)(~H),[#6](~[#17])(~[#1]),../data/pubchemfp_pattern_images/98.png
99,C(~Cl)(:C),[#6](~[#17])(:[#6]),../data/pubchemfp_pattern_images/99.png
100,C(~F)(~F),[#6](~F)(~F),../data/pubchemfp_pattern_images/100.png
101,C(~F)(:C),[#6](~F)(:[#6]),../data/pubchemfp_pattern_images/101.png
102,C(~H)(~N),[#6](~[#1])(~[#7]),../data/pubchemfp_pattern_images/102.png
103,C(~H)(~O),[#6](~[#1])(~[#8]),../data/pubchemfp_pattern_images/103.png
104,C(~H)(~O)(~O),[#6](~[#1])(~[#8])(~[#8]),../data/pubchemfp_pattern_images/104.png
105,C(~H)(~S),[#6](~[#1])(~S),../data/pubchemfp_pattern_images/105.png
106,C(~H)(~Si),[#6](~[#1])(~[#14]),../data/pubchemfp_pattern_images/106.png
107,C(~H)(:C),[#6](~[#1])(:[#6]),../data/pubchemfp_pattern_images/107.png
108,C(~H)(:C)(:C),[#6](~[#1])(:[#6])(:[#6]),../data/pubchemfp_pattern_images/108.png
109,C(~H)(:C)(:N),[#6](~[#1])(:[#6])(:[#7]),../data/pubchemfp_pattern_images/109.png
110,C(~H)(:N),[#6](~[#1])(:[#7]),../data/pubchemfp_pattern_images/110.png
111,C(~H)(~H)(~H),[#6](~[#1])(~[#1])(~[#1]),../data/pubchemfp_pattern_images/111.png
112,C(~N)(~N),[#6](~[#7])(~[#7]),../data/pubchemfp_pattern_images/112.png
113,C(~N)(:C),[#6](~[#7])(:[#6]),../data/pubchemfp_pattern_images/113.png
114,C(~N)(:C)(:C),[#6](~[#7])(:[#6])(:[#6]),../data/pubchemfp_pattern_images/114.png
115,C(~N)(:C)(:N),[#6](~[#7])(:[#6])(:[#7]),../data/pubchemfp_pattern_images/115.png
116,C(~N)(:N),[#6](~[#7])(:[#7]),../data/pubchemfp_pattern_images/116.png
117,C(~O)(~O),[#6](~[#8])(~[#8]),../data/pubchemfp_pattern_images/117.png
118,C(~O)(:C),[#6](~[#8])(:[#6]),../data/pubchemfp_pattern_images/118.png
119,C(~O)(:C)(:C),[#6](~[#8])(:[#6])(:[#6]),../data/pubchemfp_pattern_images/119.png
120,C(~S)(:C),[#6](~S)(:[#6]),../data/pubchemfp_pattern_images/120.png
121,C(:C)(:C),[#6](:[#6])(:[#6]),../data/pubchemfp_pattern_images/121.png
122,C(:C)(:C)(:C),[#6](:[#6])(:[#6])(:[#6]),../data/pubchemfp_pattern_images/122.png
123,C(:C)(:C)(:N),[#6](:[#6])(:[#6])(:[#7]),../data/pubchemfp_pattern_images/123.png
124,C(:C)(:N),[#6](:[#6])(:[#7]),../data/pubchemfp_pattern_images/124.png
125,C(:C)(:N)(:N),[#6](:[#6])(:[#7])(:[#7]),../data/pubchemfp_pattern_images/125.png
126,C(:N)(:N),[#6](:[#7])(:[#7]),../data/pubchemfp_pattern_images/126.png
127,N(~C)(~C),[#7](~[#6])(~[#6]),../data/pubchemfp_pattern_images/127.png
128,N(~C)(~C)(~C),[#7](~[#6])(~[#6])(~[#6]),../data/pubchemfp_pattern_images/128.png
129,N(~C)(~C)(~H),[#7](~[#6])(~[#6])(~[#1]),../data/pubchemfp_pattern_images/129.png
130,N(~C)(~H),[#7](~[#6])(~[#1]),../data/pubchemfp_pattern_images/130.png
131,N(~C)(~H)(~N),[#7](~[#6])(~[#1])(~[#7]),../data/pubchemfp_pattern_images/131.png
132,N(~C)(~O),[#7](~[#6])(~[#8]),../data/pubchemfp_pattern_images/132.png
133,N(~C)(:C),[#7](~[#6])(:[#6]),../data/pubchemfp_pattern_images/133.png
134,N(~C)(:C)(:C),[#7](~[#6])(:[#6])(:[#6]),../data/pubchemfp_pattern_images/134.png
135,N(~H)(~N),[#7](~[#1])(~[#7]),../data/pubchemfp_pattern_images/135.png
136,N(~H)(:C),[#7](~[#1])(:[#6]),../data/pubchemfp_pattern_images/136.png
137,N(~H)(:C)(:C),[#7](~[#1])(:[#6])(:[#6]),../data/pubchemfp_pattern_images/137.png
138,N(~O)(~O),[#7](~[#8])(~[#8]),../data/pubchemfp_pattern_images/138.png
139,N(~O)(:O),[#7](~[#8])(:[#8]),../data/pubchemfp_pattern_images/139.png
140,N(:C)(:C),[#7](:[#6])(:[#6]),../data/pubchemfp_pattern_images/140.png
141,N(:C)(:C)(:C),[#7](:[#6])(:[#6])(:[#6]),../data/pubchemfp_pattern_images/141.png
142,O(~C)(~C),[#8](~[#6])(~[#6]),../data/pubchemfp_pattern_images/142.png
143,O(~C)(~H),[#8](~[#6])(~[#1]),../data/pubchemfp_pattern_images/143.png
144,O(~C)(~P),[#8](~[#6])(~P),../data/pubchemfp_pattern_images/144.png
145,O(~H)(~S),[#8](~[#1])(~S),../data/pubchemfp_pattern_images/145.png
146,O(:C)(:C),[#8](:[#6])(:[#6]),../data/pubchemfp_pattern_images/146.png
147,P(~C)(~C),P(~[#6])(~[#6]),../data/pubchemfp_pattern_images/147.png
148,P(~O)(~O),P(~[#8])(~[#8]),../data/pubchemfp_pattern_images/148.png
149,S(~C)(~C),S(~[#6])(~[#6]),../data/pubchemfp_pattern_images/149.png
150,S(~C)(~H),S(~[#6])(~[#1]),../data/pubchemfp_pattern_images/150.png
151,S(~C)(~O),S(~[#6])(~[#8]),../data/pubchemfp_pattern_images/151.png
152,Si(~C)(~C),[#14](~[#6])(~[#6]),../data/pubchemfp_pattern_images/152.png
153,C=C,"[#6]=,:[#6]",../data/pubchemfp_pattern_images/153.png
154,C#C,[#6]#[#6],../data/pubchemfp_pattern_images/154.png
155,C=N,"[#6]=,:[#7]",../data/pubchemfp_pattern_images/155.png
156,C#N,[#6]#[#7],../data/pubchemfp_pattern_images/156.png
157,C=O,"[#6]=,:[#8]",../data/pubchemfp_pattern_images/157.png
158,C=S,"[#6]=,:S",../data/pubchemfp_pattern_images/158.png
159,N=N,"[#7]=,:[#7]",../data/pubchemfp_pattern_images/159.png
160,N=O,"[#7]=,:[#8]",../data/pubchemfp_pattern_images/160.png
161,N=P,"[#7]=,:P",../data/pubchemfp_pattern_images/161.png
162,P=O,"P=,:[#8]",../data/pubchemfp_pattern_images/162.png
163,P=P,"P=,:P",../data/pubchemfp_pattern_images/163.png
164,C(#C)(-C),"[#6](#[#6])(-,:[#6])",../data/pubchemfp_pattern_images/164.png
165,C(#C)(-H),"[#6](#[#6])(-,:[#1])",../data/pubchemfp_pattern_images/165.png
166,C(#N)(-C),"[#6](#[#7])(-,:[#6])",../data/pubchemfp_pattern_images/166.png
167,C(-C)(-C)(=C),"[#6](-,:[#6])(-,:[#6])(=,:[#6])",../data/pubchemfp_pattern_images/167.png
168,C(-C)(-C)(=N),"[#6](-,:[#6])(-,:[#6])(=,:[#7])",../data/pubchemfp_pattern_images/168.png
169,C(-C)(-C)(=O),"[#6](-,:[#6])(-,:[#6])(=,:[#8])",../data/pubchemfp_pattern_images/169.png
170,C(-C)(-Cl)(=O),"[#6](-,:[#6])(-,:[#17])(=,:[#8])",../data/pubchemfp_pattern_images/170.png
171,C(-C)(-H)(=C),"[#6](-,:[#6])(-,:[#1])(=,:[#6])",../data/pubchemfp_pattern_images/171.png
172,C(-C)(-H)(=N),"[#6](-,:[#6])(-,:[#1])(=,:[#7])",../data/pubchemfp_pattern_images/172.png
173,C(-C)(-H)(=O),"[#6](-,:[#6])(-,:[#1])(=,:[#8])",../data/pubchemfp_pattern_images/173.png
174,C(-C)(-N)(=C),"[#6](-,:[#6])(-,:[#7])(=,:[#6])",../data/pubchemfp_pattern_images/174.png
175,C(-C)(-N)(=N),"[#6](-,:[#6])(-,:[#7])(=,:[#7])",../data/pubchemfp_pattern_images/175.png
176,C(-C)(-N)(=O),"[#6](-,:[#6])(-,:[#7])(=,:[#8])",../data/pubchemfp_pattern_images/176.png
177,C(-C)(-O)(=O),"[#6](-,:[#6])(-,:[#8])(=,:[#8])",../data/pubchemfp_pattern_images/177.png
178,C(-C)(=C),"[#6](-,:[#6])(=,:[#6])",../data/pubchemfp_pattern_images/178.png
179,C(-C)(=N),"[#6](-,:[#6])(=,:[#7])",../data/pubchemfp_pattern_images/179.png
180,C(-C)(=O),"[#6](-,:[#6])(=,:[#8])",../data/pubchemfp_pattern_images/180.png
181,C(-Cl)(=O),"[#6](-,:[#17])(=,:[#8])",../data/pubchemfp_pattern_images/181.png
182,C(-H)(-N)(=C),"[#6](-,:[#1])(-,:[#7])(=,:[#6])",../data/pubchemfp_pattern_images/182.png
183,C(-H)(=C),"[#6](-,:[#1])(=,:[#6])",../data/pubchemfp_pattern_images/183.png
184,C(-H)(=N),"[#6](-,:[#1])(=,:[#7])",../data/pubchemfp_pattern_images/184.png
185,C(-H)(=O),"[#6](-,:[#1])(=,:[#8])",../data/pubchemfp_pattern_images/185.png
186,C(-N)(=C),"[#6](-,:[#7])(=,:[#6])",../data/pubchemfp_pattern_images/186.png
187,C(-N)(=N),"[#6](-,:[#7])(=,:[#7])",../data/pubchemfp_pattern_images/187.png
188,C(-N)(=O),"[#6](-,:[#7])(=,:[#8])",../data/pubchemfp_pattern_images/188.png
189,C(-O)(=O),"[#6](-,:[#8])(=,:[#8])",../data/pubchemfp_pattern_images/189.png
190,N(-C)(=C),"[#7](-,:[#6])(=,:[#6])",../data/pubchemfp_pattern_images/190.png
191,N(-C)(=O),"[#7](-,:[#6])(=,:[#8])",../data/pubchemfp_pattern_images/191.png
192,N(-O)(=O),"[#7](-,:[#8])(=,:[#8])",../data/pubchemfp_pattern_images/192.png
193,P(-O)(=O),"P(-,:[#8])(=,:[#8])",../data/pubchemfp_pattern_images/193.png
194,S(-C)(=O),"S(-,:[#6])(=,:[#8])",../data/pubchemfp_pattern_images/194.png
195,S(-O)(=O),"S(-,:[#8])(=,:[#8])",../data/pubchemfp_pattern_images/195.png
196,S(=O)(=O),"S(=,:[#8])(=,:[#8])",../data/pubchemfp_pattern_images/196.png
197,C-C-C#C,"[#6]-,:[#6]-,:[#6]#[#6]",../data/pubchemfp_pattern_images/197.png
198,O-C-C=N,"[#8]-,:[#6]-,:[#6]=,:[#7]",../data/pubchemfp_pattern_images/198.png
199,O-C-C=O,"[#8]-,:[#6]-,:[#6]=,:[#8]",../data/pubchemfp_pattern_images/199.png
200,N:C-S-[#1],"[#7]:[#6]-,:S-,:[#1]",../data/pubchemfp_pattern_images/200.png
201,N-C-C=C,"[#7]-,:[#6]-,:[#6]=,:[#6]",../data/pubchemfp_pattern_images/201.png
202,O=S-C-C,"[#8]=,:S-,:[#6]-,:[#6]",../data/pubchemfp_pattern_images/202.png
203,N#C-C=C,"[#7]#[#6]-,:[#6]=,:[#6]",../data/pubchemfp_pattern_images/203.png
204,C=N-N-C,"[#6]=,:[#7]-,:[#7]-,:[#6]",../data/pubchemfp_pattern_images/204.png
205,O=S-C-N,"[#8]=,:S-,:[#6]-,:[#7]",../data/pubchemfp_pattern_images/205.png
206,S-S-C:C,"S-,:S-,:[#6]:[#6]",../data/pubchemfp_pattern_images/206.png
207,C:C-C=C,"[#6]:[#6]-,:[#6]=,:[#6]",../data/pubchemfp_pattern_images/207.png
208,S:C:C:C,S:[#6]:[#6]:[#6],../data/pubchemfp_pattern_images/208.png
209,C:N:C-C,"[#6]:[#7]:[#6]-,:[#6]",../data/pubchemfp_pattern_images/209.png
210,S-C:N:C,"S-,:[#6]:[#7]:[#6]",../data/pubchemfp_pattern_images/210.png
211,S:C:C:N,S:[#6]:[#6]:[#7],../data/pubchemfp_pattern_images/211.png
212,S-C=N-C,"S-,:[#6]=,:[#7]-,:[#6]",../data/pubchemfp_pattern_images/212.png
213,C-O-C=C,"[#6]-,:[#8]-,:[#6]=,:[#6]",../data/pubchemfp_pattern_images/213.png
214,N-N-C:C,"[#7]-,:[#7]-,:[#6]:[#6]",../data/pubchemfp_pattern_images/214.png
215,S-C=N-[#1],"S-,:[#6]=,:[#7]-,:[#1]",../data/pubchemfp_pattern_images/215.png
216,S-C-S-C,"S-,:[#6]-,:S-,:[#6]",../data/pubchemfp_pattern_images/216.png
217,C:S:C-C,"[#6]:S:[#6]-,:[#6]",../data/pubchemfp_pattern_images/217.png
218,O-S-C:C,"[#8]-,:S-,:[#6]:[#6]",../data/pubchemfp_pattern_images/218.png
219,C:N-C:C,"[#6]:[#7]-,:[#6]:[#6]",../data/pubchemfp_pattern_images/219.png
220,N-S-C:C,"[#7]-,:S-,:[#6]:[#6]",../data/pubchemfp_pattern_images/220.png
221,N-C:N:C,"[#7]-,:[#6]:[#7]:[#6]",../data/pubchemfp_pattern_images/221.png
222,N:C:C:N,[#7]:[#6]:[#6]:[#7],../data/pubchemfp_pattern_images/222.png
223,N-C:N:N,"[#7]-,:[#6]:[#7]:[#7]",../data/pubchemfp_pattern_images/223.png
224,N-C=N-C,"[#7]-,:[#6]=,:[#7]-,:[#6]",../data/pubchemfp_pattern_images/224.png
225,N-C=N-[#1],"[#7]-,:[#6]=,:[#7]-,:[#1]",../data/pubchemfp_pattern_images/225.png
226,N-C-S-C,"[#7]-,:[#6]-,:S-,:[#6]",../data/pubchemfp_pattern_images/226.png
227,C-C-C=C,"[#6]-,:[#6]-,:[#6]=,:[#6]",../data/pubchemfp_pattern_images/227.png
228,C-N:C-[#1],"[#6]-,:[#7]:[#6]-,:[#1]",../data/pubchemfp_pattern_images/228.png
229,N-C:O:C,"[#7]-,:[#6]:[#8]:[#6]",../data/pubchemfp_pattern_images/229.png
230,O=C-C:C,"[#8]=,:[#6]-,:[#6]:[#6]",../data/pubchemfp_pattern_images/230.png
231,O=C-C:N,"[#8]=,:[#6]-,:[#6]:[#7]",../data/pubchemfp_pattern_images/231.png
232,C-N-C:C,"[#6]-,:[#7]-,:[#6]:[#6]",../data/pubchemfp_pattern_images/232.png
233,N:N-C-[#1],"[#7]:[#7]-,:[#6]-,:[#1]",../data/pubchemfp_pattern_images/233.png
234,O-C:C:N,"[#8]-,:[#6]:[#6]:[#7]",../data/pubchemfp_pattern_images/234.png
235,O-C=C-C,"[#8]-,:[#6]=,:[#6]-,:[#6]",../data/pubchemfp_pattern_images/235.png
236,N-C:C:N,"[#7]-,:[#6]:[#6]:[#7]",../data/pubchemfp_pattern_images/236.png
237,C-S-C:C,"[#6]-,:S-,:[#6]:[#6]",../data/pubchemfp_pattern_images/237.png
238,Cl-C:C-C,"[#17]-,:[#6]:[#6]-,:[#6]",../data/pubchemfp_pattern_images/238.png
239,N-C=C-[#1],"[#7]-,:[#6]=,:[#6]-,:[#1]",../data/pubchemfp_pattern_images/239.png
240,Cl-C:C-[#1],"[#17]-,:[#6]:[#6]-,:[#1]",../data/pubchemfp_pattern_images/240.png
241,N:C:N-C,"[#7]:[#6]:[#7]-,:[#6]",../data/pubchemfp_pattern_images/241.png
242,Cl-C:C-O,"[#17]-,:[#6]:[#6]-,:[#8]",../data/pubchemfp_pattern_images/242.png
243,C-C:N:C,"[#6]-,:[#6]:[#7]:[#6]",../data/pubchemfp_pattern_images/243.png
244,C-C-S-C,"[#6]-,:[#6]-,:S-,:[#6]",../data/pubchemfp_pattern_images/244.png
245,S=C-N-C,"S=,:[#6]-,:[#7]-,:[#6]",../data/pubchemfp_pattern_images/245.png
246,Br-C:C-C,"[#35]-,:[#6]:[#6]-,:[#6]",../data/pubchemfp_pattern_images/246.png
247,[#1]-N-N-[#1],"[#1]-,:[#7]-,:[#7]-,:[#1]",../data/pubchemfp_pattern_images/247.png
248,S=C-N-[#1],"S=,:[#6]-,:[#7]-,:[#1]",../data/pubchemfp_pattern_images/248.png
249,C-[As]-O-[#1],"[#6]-,:[#33]-,:[#8]-,:[#1]",../data/pubchemfp_pattern_images/249.png
250,S:C:C-[#1],"S:[#6]:[#6]-,:[#1]",../data/pubchemfp_pattern_images/250.png
251,O-N-C-C,"[#8]-,:[#7]-,:[#6]-,:[#6]",../data/pubchemfp_pattern_images/251.png
252,N-N-C-C,"[#7]-,:[#7]-,:[#6]-,:[#6]",../data/pubchemfp_pattern_images/252.png
253,[#1]-C=C-[#1],"[#1]-,:[#6]=,:[#6]-,:[#1]",../data/pubchemfp_pattern_images/253.png
254,N-N-C-N,"[#7]-,:[#7]-,:[#6]-,:[#7]",../data/pubchemfp_pattern_images/254.png
255,O=C-N-N,"[#8]=,:[#6]-,:[#7]-,:[#7]",../data/pubchemfp_pattern_images/255.png
256,N=C-N-C,"[#7]=,:[#6]-,:[#7]-,:[#6]",../data/pubchemfp_pattern_images/256.png
257,C=C-C:C,"[#6]=,:[#6]-,:[#6]:[#6]",../data/pubchemfp_pattern_images/257.png
258,C:N-C-[#1],"[#6]:[#7]-,:[#6]-,:[#1]",../data/pubchemfp_pattern_images/258.png
259,C-N-N-[#1],"[#6]-,:[#7]-,:[#7]-,:[#1]",../data/pubchemfp_pattern_images/259.png
260,N:C:C-C,"[#7]:[#6]:[#6]-,:[#6]",../data/pubchemfp_pattern_images/260.png
261,C-C=C-C,"[#6]-,:[#6]=,:[#6]-,:[#6]",../data/pubchemfp_pattern_images/261.png
262,[As]-C:C-[#1],"[#33]-,:[#6]:[#6]-,:[#1]",../data/pubchemfp_pattern_images/262.png
263,Cl-C:C-Cl,"[#17]-,:[#6]:[#6]-,:[#17]",../data/pubchemfp_pattern_images/263.png
264,C:C:N-[#1],"[#6]:[#6]:[#7]-,:[#1]",../data/pubchemfp_pattern_images/264.png
265,[#1]-N-C-[#1],"[#1]-,:[#7]-,:[#6]-,:[#1]",../data/pubchemfp_pattern_images/265.png
266,Cl-C-C-Cl,"[#17]-,:[#6]-,:[#6]-,:[#17]",../data/pubchemfp_pattern_images/266.png
267,N:C-C:C,"[#7]:[#6]-,:[#6]:[#6]",../data/pubchemfp_pattern_images/267.png
268,S-C:C-C,"S-,:[#6]:[#6]-,:[#6]",../data/pubchemfp_pattern_images/268.png
269,S-C:C-[#1],"S-,:[#6]:[#6]-,:[#1]",../data/pubchemfp_pattern_images/269.png
270,S-C:C-N,"S-,:[#6]:[#6]-,:[#7]",../data/pubchemfp_pattern_images/270.png
271,S-C:C-O,"S-,:[#6]:[#6]-,:[#8]",../data/pubchemfp_pattern_images/271.png
272,O=C-C-C,"[#8]=,:[#6]-,:[#6]-,:[#6]",../data/pubchemfp_pattern_images/272.png
273,O=C-C-N,"[#8]=,:[#6]-,:[#6]-,:[#7]",../data/pubchemfp_pattern_images/273.png
274,O=C-C-O,"[#8]=,:[#6]-,:[#6]-,:[#8]",../data/pubchemfp_pattern_images/274.png
275,N=C-C-C,"[#7]=,:[#6]-,:[#6]-,:[#6]",../data/pubchemfp_pattern_images/275.png
276,N=C-C-[#1],"[#7]=,:[#6]-,:[#6]-,:[#1]",../data/pubchemfp_pattern_images/276.png
277,C-N-C-[#1],"[#6]-,:[#7]-,:[#6]-,:[#1]",../data/pubchemfp_pattern_images/277.png
278,O-C:C-C,"[#8]-,:[#6]:[#6]-,:[#6]",../data/pubchemfp_pattern_images/278.png
279,O-C:C-[#1],"[#8]-,:[#6]:[#6]-,:[#1]",../data/pubchemfp_pattern_images/279.png
280,O-C:C-N,"[#8]-,:[#6]:[#6]-,:[#7]",../data/pubchemfp_pattern_images/280.png
281,O-C:C-O,"[#8]-,:[#6]:[#6]-,:[#8]",../data/pubchemfp_pattern_images/281.png
282,N-C:C-C,"[#7]-,:[#6]:[#6]-,:[#6]",../data/pubchemfp_pattern_images/282.png
283,N-C:C-[#1],"[#7]-,:[#6]:[#6]-,:[#1]",../data/pubchemfp_pattern_images/283.png
284,N-C:C-N,"[#7]-,:[#6]:[#6]-,:[#7]",../data/pubchemfp_pattern_images/284.png
285,O-C-C:C,"[#8]-,:[#6]-,:[#6]:[#6]",../data/pubchemfp_pattern_images/285.png
286,N-C-C:C,"[#7]-,:[#6]-,:[#6]:[#6]",../data/pubchemfp_pattern_images/286.png
287,Cl-C-C-C,"[#17]-,:[#6]-,:[#6]-,:[#6]",../data/pubchemfp_pattern_images/287.png
288,Cl-C-C-O,"[#17]-,:[#6]-,:[#6]-,:[#8]",../data/pubchemfp_pattern_images/288.png
289,C:C-C:C,"[#6]:[#6]-,:[#6]:[#6]",../data/pubchemfp_pattern_images/289.png
290,O=C-C=C,"[#8]=,:[#6]-,:[#6]=,:[#6]",../data/pubchemfp_pattern_images/290.png
291,Br-C-C-C,"[#35]-,:[#6]-,:[#6]-,:[#6]",../data/pubchemfp_pattern_images/291.png
292,N=C-C=C,"[#7]=,:[#6]-,:[#6]=,:[#6]",../data/pubchemfp_pattern_images/292.png
293,C=C-C-C,"[#6]=,:[#6]-,:[#6]-,:[#6]",../data/pubchemfp_pattern_images/293.png
294,N:C-O-[#1],"[#7]:[#6]-,:[#8]-,:[#1]",../data/pubchemfp_pattern_images/294.png
295,O=N-C:C,"[#8]=,:[#7]-,:[#6]:[#6]",../data/pubchemfp_pattern_images/295.png
296,O-C-N-[#1],"[#8]-,:[#6]-,:[#7]-,:[#1]",../data/pubchemfp_pattern_images/296.png
297,N-C-N-C,"[#7]-,:[#6]-,:[#7]-,:[#6]",../data/pubchemfp_pattern_images/297.png
298,Cl-C-C=O,"[#17]-,:[#6]-,:[#6]=,:[#8]",../data/pubchemfp_pattern_images/298.png
299,Br-C-C=O,"[#35]-,:[#6]-,:[#6]=,:[#8]",../data/pubchemfp_pattern_images/299.png
300,O-C-O-C,"[#8]-,:[#6]-,:[#8]-,:[#6]",../data/pubchemfp_pattern_images/300.png
301,C=C-C=C,"[#6]=,:[#6]-,:[#6]=,:[#6]",../data/pubchemfp_pattern_images/301.png
302,C:C-O-C,"[#6]:[#6]-,:[#8]-,:[#6]",../data/pubchemfp_pattern_images/302.png
303,O-C-C-N,"[#8]-,:[#6]-,:[#6]-,:[#7]",../data/pubchemfp_pattern_images/303.png
304,O-C-C-O,"[#8]-,:[#6]-,:[#6]-,:[#8]",../data/pubchemfp_pattern_images/304.png
305,N#C-C-C,"[#7]#[#6]-,:[#6]-,:[#6]",../data/pubchemfp_pattern_images/305.png
306,N-C-C-N,"[#7]-,:[#6]-,:[#6]-,:[#7]",../data/pubchemfp_pattern_images/306.png
307,C:C-C-C,"[#6]:[#6]-,:[#6]-,:[#6]",../data/pubchemfp_pattern_images/307.png
308,[#1]-C-O-[#1],"[#1]-,:[#6]-,:[#8]-,:[#1]",../data/pubchemfp_pattern_images/308.png
309,N:C:N:C,[#7]:[#6]:[#7]:[#6],../data/pubchemfp_pattern_images/309.png
310,O-C-C=C,"[#8]-,:[#6]-,:[#6]=,:[#6]",../data/pubchemfp_pattern_images/310.png
311,O-C-C:C-C,"[#8]-,:[#6]-,:[#6]:[#6]-,:[#6]",../data/pubchemfp_pattern_images/311.png
312,O-C-C:C-O,"[#8]-,:[#6]-,:[#6]:[#6]-,:[#8]",../data/pubchemfp_pattern_images/312.png
313,N=C-C:C-[#1],"[#7]=,:[#6]-,:[#6]:[#6]-,:[#1]",../data/pubchemfp_pattern_images/313.png
314,C:C-N-C:C,"[#6]:[#6]-,:[#7]-,:[#6]:[#6]",../data/pubchemfp_pattern_images/314.png
315,C-C:C-C:C,"[#6]-,:[#6]:[#6]-,:[#6]:[#6]",../data/pubchemfp_pattern_images/315.png
316,O=C-C-C-C,"[#8]=,:[#6]-,:[#6]-,:[#6]-,:[#6]",../data/pubchemfp_pattern_images/316.png
317,O=C-C-C-N,"[#8]=,:[#6]-,:[#6]-,:[#6]-,:[#7]",../data/pubchemfp_pattern_images/317.png
318,O=C-C-C-O,"[#8]=,:[#6]-,:[#6]-,:[#6]-,:[#8]",../data/pubchemfp_pattern_images/318.png
319,C-C-C-C-C,"[#6]-,:[#6]-,:[#6]-,:[#6]-,:[#6]",../data/pubchemfp_pattern_images/319.png
320,Cl-C:C-O-C,"[#17]-,:[#6]:[#6]-,:[#8]-,:[#6]",../data/pubchemfp_pattern_images/320.png
321,C:C-C=C-C,"[#6]:[#6]-,:[#6]=,:[#6]-,:[#6]",../data/pubchemfp_pattern_images/321.png
322,C-C:C-N-C,"[#6]-,:[#6]:[#6]-,:[#7]-,:[#6]",../data/pubchemfp_pattern_images/322.png
323,C-S-C-C-C,"[#6]-,:S-,:[#6]-,:[#6]-,:[#6]",../data/pubchemfp_pattern_images/323.png
324,N-C:C-O-[#1],"[#7]-,:[#6]:[#6]-,:[#8]-,:[#1]",../data/pubchemfp_pattern_images/324.png
325,O=C-C-C=O,"[#8]=,:[#6]-,:[#6]-,:[#6]=,:[#8]",../data/pubchemfp_pattern_images/325.png
326,C-C:C-O-C,"[#6]-,:[#6]:[#6]-,:[#8]-,:[#6]",../data/pubchemfp_pattern_images/326.png
327,C-C:C-O-[#1],"[#6]-,:[#6]:[#6]-,:[#8]-,:[#1]",../data/pubchemfp_pattern_images/327.png
328,Cl-C-C-C-C,"[#17]-,:[#6]-,:[#6]-,:[#6]-,:[#6]",../data/pubchemfp_pattern_images/328.png
329,N-C-C-C-C,"[#7]-,:[#6]-,:[#6]-,:[#6]-,:[#6]",../data/pubchemfp_pattern_images/329.png
330,N-C-C-C-N,"[#7]-,:[#6]-,:[#6]-,:[#6]-,:[#7]",../data/pubchemfp_pattern_images/330.png
331,C-O-C-C=C,"[#6]-,:[#8]-,:[#6]-,:[#6]=,:[#6]",../data/pubchemfp_pattern_images/331.png
332,C:C-C-C-C,"[#6]:[#6]-,:[#6]-,:[#6]-,:[#6]",../data/pubchemfp_pattern_images/332.png
333,N=C-N-C-C,"[#7]=,:[#6]-,:[#7]-,:[#6]-,:[#6]",../data/pubchemfp_pattern_images/333.png
334,O=C-C-C:C,"[#8]=,:[#6]-,:[#6]-,:[#6]:[#6]",../data/pubchemfp_pattern_images/334.png
335,Cl-C:C:C-C,"[#17]-,:[#6]:[#6]:[#6]-,:[#6]",../data/pubchemfp_pattern_images/335.png
336,[#1]-C-C=C-[#1],"[#1]-,:[#6]-,:[#6]=,:[#6]-,:[#1]",../data/pubchemfp_pattern_images/336.png
337,N-C:C:C-C,"[#7]-,:[#6]:[#6]:[#6]-,:[#6]",../data/pubchemfp_pattern_images/337.png
338,N-C:C:C-N,"[#7]-,:[#6]:[#6]:[#6]-,:[#7]",../data/pubchemfp_pattern_images/338.png
339,O=C-C-N-C,"[#8]=,:[#6]-,:[#6]-,:[#7]-,:[#6]",../data/pubchemfp_pattern_images/339.png
340,C-C:C:C-C,"[#6]-,:[#6]:[#6]:[#6]-,:[#6]",../data/pubchemfp_pattern_images/340.png
341,C-O-C-C:C,"[#6]-,:[#8]-,:[#6]-,:[#6]:[#6]",../data/pubchemfp_pattern_images/341.png
342,O=C-C-O-C,"[#8]=,:[#6]-,:[#6]-,:[#8]-,:[#6]",../data/pubchemfp_pattern_images/342.png
343,O-C:C-C-C,"[#8]-,:[#6]:[#6]-,:[#6]-,:[#6]",../data/pubchemfp_pattern_images/343.png
344,N-C-C-C:C,"[#7]-,:[#6]-,:[#6]-,:[#6]:[#6]",../data/pubchemfp_pattern_images/344.png
345,C-C-C-C:C,"[#6]-,:[#6]-,:[#6]-,:[#6]:[#6]",../data/pubchemfp_pattern_images/345.png
346,Cl-C-C-N-C,"[#17]-,:[#6]-,:[#6]-,:[#7]-,:[#6]",../data/pubchemfp_pattern_images/346.png
347,C-O-C-O-C,"[#6]-,:[#8]-,:[#6]-,:[#8]-,:[#6]",../data/pubchemfp_pattern_images/347.png
348,N-C-C-N-C,"[#7]-,:[#6]-,:[#6]-,:[#7]-,:[#6]",../data/pubchemfp_pattern_images/348.png
349,N-C-O-C-C,"[#7]-,:[#6]-,:[#8]-,:[#6]-,:[#6]",../data/pubchemfp_pattern_images/349.png
350,C-N-C-C-C,"[#6]-,:[#7]-,:[#6]-,:[#6]-,:[#6]",../data/pubchemfp_pattern_images/350.png
351,C-C-O-C-C,"[#6]-,:[#6]-,:[#8]-,:[#6]-,:[#6]",../data/pubchemfp_pattern_images/351.png
352,N-C-C-O-C,"[#7]-,:[#6]-,:[#6]-,:[#8]-,:[#6]",../data/pubchemfp_pattern_images/352.png
353,C:C:N:N:C,[#6]:[#6]:[#7]:[#7]:[#6],../data/pubchemfp_pattern_images/353.png
354,C-C-C-O-[#1],"[#6]-,:[#6]-,:[#6]-,:[#8]-,:[#1]",../data/pubchemfp_pattern_images/354.png
355,C:C-C-C:C,"[#6]:[#6]-,:[#6]-,:[#6]:[#6]",../data/pubchemfp_pattern_images/355.png
356,O-C-C=C-C,"[#8]-,:[#6]-,:[#6]=,:[#6]-,:[#6]",../data/pubchemfp_pattern_images/356.png
357,C:C-O-C-C,"[#6]:[#6]-,:[#8]-,:[#6]-,:[#6]",../data/pubchemfp_pattern_images/357.png
358,N-C:C:C:N,"[#7]-,:[#6]:[#6]:[#6]:[#7]",../data/pubchemfp_pattern_images/358.png
359,O=C-O-C:C,"[#8]=,:[#6]-,:[#8]-,:[#6]:[#6]",../data/pubchemfp_pattern_images/359.png
360,O=C-C:C-C,"[#8]=,:[#6]-,:[#6]:[#6]-,:[#6]",../data/pubchemfp_pattern_images/360.png
361,O=C-C:C-N,"[#8]=,:[#6]-,:[#6]:[#6]-,:[#7]",../data/pubchemfp_pattern_images/361.png
362,O=C-C:C-O,"[#8]=,:[#6]-,:[#6]:[#6]-,:[#8]",../data/pubchemfp_pattern_images/362.png
363,C-O-C:C-C,"[#6]-,:[#8]-,:[#6]:[#6]-,:[#6]",../data/pubchemfp_pattern_images/363.png
364,O=[As]-C:C:C,"[#8]=,:[#33]-,:[#6]:[#6]:[#6]",../data/pubchemfp_pattern_images/364.png
365,C-N-C-C:C,"[#6]-,:[#7]-,:[#6]-,:[#6]:[#6]",../data/pubchemfp_pattern_images/365.png
366,S-C:C:C-N,"S-,:[#6]:[#6]:[#6]-,:[#7]",../data/pubchemfp_pattern_images/366.png
367,O-C:C-O-C,"[#8]-,:[#6]:[#6]-,:[#8]-,:[#6]",../data/pubchemfp_pattern_images/367.png
368,O-C:C-O-[#1],"[#8]-,:[#6]:[#6]-,:[#8]-,:[#1]",../data/pubchemfp_pattern_images/368.png
369,C-C-O-C:C,"[#6]-,:[#6]-,:[#8]-,:[#6]:[#6]",../data/pubchemfp_pattern_images/369.png
370,N-C-C:C-C,"[#7]-,:[#6]-,:[#6]:[#6]-,:[#6]",../data/pubchemfp_pattern_images/370.png
371,C-C-C:C-C,"[#6]-,:[#6]-,:[#6]:[#6]-,:[#6]",../data/pubchemfp_pattern_images/371.png
372,N-N-C-N-[#1],"[#7]-,:[#7]-,:[#6]-,:[#7]-,:[#1]",../data/pubchemfp_pattern_images/372.png
373,C-N-C-N-C,"[#6]-,:[#7]-,:[#6]-,:[#7]-,:[#6]",../data/pubchemfp_pattern_images/373.png
374,O-C-C-C-C,"[#8]-,:[#6]-,:[#6]-,:[#6]-,:[#6]",../data/pubchemfp_pattern_images/374.png
375,O-C-C-C-N,"[#8]-,:[#6]-,:[#6]-,:[#6]-,:[#7]",../data/pubchemfp_pattern_images/375.png
376,O-C-C-C-O,"[#8]-,:[#6]-,:[#6]-,:[#6]-,:[#8]",../data/pubchemfp_pattern_images/376.png
377,C=C-C-C-C,"[#6]=,:[#6]-,:[#6]-,:[#6]-,:[#6]",../data/pubchemfp_pattern_images/377.png
378,O-C-C-C=C,"[#8]-,:[#6]-,:[#6]-,:[#6]=,:[#6]",../data/pubchemfp_pattern_images/378.png
379,O-C-C-C=O,"[#8]-,:[#6]-,:[#6]-,:[#6]=,:[#8]",../data/pubchemfp_pattern_images/379.png
380,[#1]-C-C-N-[#1],"[#1]-,:[#6]-,:[#6]-,:[#7]-,:[#1]",../data/pubchemfp_pattern_images/380.png
381,C-C=N-N-C,"[#6]-,:[#6]=,:[#7]-,:[#7]-,:[#6]",../data/pubchemfp_pattern_images/381.png
382,O=C-N-C-C,"[#8]=,:[#6]-,:[#7]-,:[#6]-,:[#6]",../data/pubchemfp_pattern_images/382.png
383,O=C-N-C-[#1],"[#8]=,:[#6]-,:[#7]-,:[#6]-,:[#1]",../data/pubchemfp_pattern_images/383.png
384,O=C-N-C-N,"[#8]=,:[#6]-,:[#7]-,:[#6]-,:[#7]",../data/pubchemfp_pattern_images/384.png
385,O=N-C:C-N,"[#8]=,:[#7]-,:[#6]:[#6]-,:[#7]",../data/pubchemfp_pattern_images/385.png
386,O=N-C:C-O,"[#8]=,:[#7]-,:[#6]:[#6]-,:[#8]",../data/pubchemfp_pattern_images/386.png
387,O=C-N-C=O,"[#8]=,:[#6]-,:[#7]-,:[#6]=,:[#8]",../data/pubchemfp_pattern_images/387.png
388,O-C:C:C-C,"[#8]-,:[#6]:[#6]:[#6]-,:[#6]",../data/pubchemfp_pattern_images/388.png
389,O-C:C:C-N,"[#8]-,:[#6]:[#6]:[#6]-,:[#7]",../data/pubchemfp_pattern_images/389.png
390,O-C:C:C-O,"[#8]-,:[#6]:[#6]:[#6]-,:[#8]",../data/pubchemfp_pattern_images/390.png
391,N-C-N-C-C,"[#7]-,:[#6]-,:[#7]-,:[#6]-,:[#6]",../data/pubchemfp_pattern_images/391.png
392,O-C-C-C:C,"[#8]-,:[#6]-,:[#6]-,:[#6]:[#6]",../data/pubchemfp_pattern_images/392.png
393,C-C-N-C-C,"[#6]-,:[#6]-,:[#7]-,:[#6]-,:[#6]",../data/pubchemfp_pattern_images/393.png
394,C-N-C:C-C,"[#6]-,:[#7]-,:[#6]:[#6]-,:[#6]",../data/pubchemfp_pattern_images/394.png
395,C-C-S-C-C,"[#6]-,:[#6]-,:S-,:[#6]-,:[#6]",../data/pubchemfp_pattern_images/395.png
396,O-C-C-N-C,"[#8]-,:[#6]-,:[#6]-,:[#7]-,:[#6]",../data/pubchemfp_pattern_images/396.png
397,C-C=C-C-C,"[#6]-,:[#6]=,:[#6]-,:[#6]-,:[#6]",../data/pubchemfp_pattern_images/397.png
398,O-C-O-C-C,"[#8]-,:[#6]-,:[#8]-,:[#6]-,:[#6]",../data/pubchemfp_pattern_images/398.png
399,O-C-C-O-C,"[#8]-,:[#6]-,:[#6]-,:[#8]-,:[#6]",../data/pubchemfp_pattern_images/399.png
400,O-C-C-O-[#1],"[#8]-,:[#6]-,:[#6]-,:[#8]-,:[#1]",../data/pubchemfp_pattern_images/400.png
401,C-C=C-C=C,"[#6]-,:[#6]=,:[#6]-,:[#6]=,:[#6]",../data/pubchemfp_pattern_images/401.png
402,N-C:C-C-C,"[#7]-,:[#6]:[#6]-,:[#6]-,:[#6]",../data/pubchemfp_pattern_images/402.png
403,C=C-C-O-C,"[#6]=,:[#6]-,:[#6]-,:[#8]-,:[#6]",../data/pubchemfp_pattern_images/403.png
404,C=C-C-O-[#1],"[#6]=,:[#6]-,:[#6]-,:[#8]-,:[#1]",../data/pubchemfp_pattern_images/404.png
405,C-C:C-C-C,"[#6]-,:[#6]:[#6]-,:[#6]-,:[#6]",../data/pubchemfp_pattern_images/405.png
406,Cl-C:C-C=O,"[#17]-,:[#6]:[#6]-,:[#6]=,:[#8]",../data/pubchemfp_pattern_images/406.png
407,Br-C:C:C-C,"[#35]-,:[#6]:[#6]:[#6]-,:[#6]",../data/pubchemfp_pattern_images/407.png
408,O=C-C=C-C,"[#8]=,:[#6]-,:[#6]=,:[#6]-,:[#6]",../data/pubchemfp_pattern_images/408.png
409,O=C-C=C-[#1],"[#8]=,:[#6]-,:[#6]=,:[#6]-,:[#1]",../data/pubchemfp_pattern_images/409.png
410,O=C-C=C-N,"[#8]=,:[#6]-,:[#6]=,:[#6]-,:[#7]",../data/pubchemfp_pattern_images/410.png
411,N-C-N-C:C,"[#7]-,:[#6]-,:[#7]-,:[#6]:[#6]",../data/pubchemfp_pattern_images/411.png
412,Br-C-C-C:C,"[#35]-,:[#6]-,:[#6]-,:[#6]:[#6]",../data/pubchemfp_pattern_images/412.png
413,N#C-C-C-C,"[#7]#[#6]-,:[#6]-,:[#6]-,:[#6]",../data/pubchemfp_pattern_images/413.png
414,C-C=C-C:C,"[#6]-,:[#6]=,:[#6]-,:[#6]:[#6]",../data/pubchemfp_pattern_images/414.png
415,C-C-C=C-C,"[#6]-,:[#6]-,:[#6]=,:[#6]-,:[#6]",../data/pubchemfp_pattern_images/415.png
416,C-C-C-C-C-C,"[#6]-,:[#6]-,:[#6]-,:[#6]-,:[#6]-,:[#6]",../data/pubchemfp_pattern_images/416.png
417,O-C-C-C-C-C,"[#8]-,:[#6]-,:[#6]-,:[#6]-,:[#6]-,:[#6]",../data/pubchemfp_pattern_images/417.png
418,O-C-C-C-C-O,"[#8]-,:[#6]-,:[#6]-,:[#6]-,:[#6]-,:[#8]",../data/pubchemfp_pattern_images/418.png
419,O-C-C-C-C-N,"[#8]-,:[#6]-,:[#6]-,:[#6]-,:[#6]-,:[#7]",../data/pubchemfp_pattern_images/419.png
420,N-C-C-C-C-C,"[#7]-,:[#6]-,:[#6]-,:[#6]-,:[#6]-,:[#6]",../data/pubchemfp_pattern_images/420.png
421,O=C-C-C-C-C,"[#8]=,:[#6]-,:[#6]-,:[#6]-,:[#6]-,:[#6]",../data/pubchemfp_pattern_images/421.png
422,O=C-C-C-C-N,"[#8]=,:[#6]-,:[#6]-,:[#6]-,:[#6]-,:[#7]",../data/pubchemfp_pattern_images/422.png
423,O=C-C-C-C-O,"[#8]=,:[#6]-,:[#6]-,:[#6]-,:[#6]-,:[#8]",../data/pubchemfp_pattern_images/423.png
424,O=C-C-C-C=O,"[#8]=,:[#6]-,:[#6]-,:[#6]-,:[#6]=,:[#8]",../data/pubchemfp_pattern_images/424.png
425,C-C-C-C-C-C-C,"[#6]-,:[#6]-,:[#6]-,:[#6]-,:[#6]-,:[#6]-,:[#6]",../data/pubchemfp_pattern_images/425.png
426,O-C-C-C-C-C-C,"[#8]-,:[#6]-,:[#6]-,:[#6]-,:[#6]-,:[#6]-,:[#6]",../data/pubchemfp_pattern_images/426.png
427,O-C-C-C-C-C-O,"[#8]-,:[#6]-,:[#6]-,:[#6]-,:[#6]-,:[#6]-,:[#8]",../data/pubchemfp_pattern_images/427.png
428,O-C-C-C-C-C-N,"[#8]-,:[#6]-,:[#6]-,:[#6]-,:[#6]-,:[#6]-,:[#7]",../data/pubchemfp_pattern_images/428.png
429,O=C-C-C-C-C-C,"[#8]=,:[#6]-,:[#6]-,:[#6]-,:[#6]-,:[#6]-,:[#6]",../data/pubchemfp_pattern_images/429.png
430,O=C-C-C-C-C-O,"[#8]=,:[#6]-,:[#6]-,:[#6]-,:[#6]-,:[#6]-,:[#8]",../data/pubchemfp_pattern_images/430.png
431,O=C-C-C-C-C=O,"[#8]=,:[#6]-,:[#6]-,:[#6]-,:[#6]-,:[#6]=,:[#8]",../data/pubchemfp_pattern_images/431.png
432,O=C-C-C-C-C-N,"[#8]=,:[#6]-,:[#6]-,:[#6]-,:[#6]-,:[#6]-,:[#7]",../data/pubchemfp_pattern_images/432.png
433,C-C-C-C-C-C-C-C,"[#6]-,:[#6]-,:[#6]-,:[#6]-,:[#6]-,:[#6]-,:[#6]-,:[#6]",../data/pubchemfp_pattern_images/433.png
434,C-C-C-C-C-C(C)-C,"[#6]-,:[#6]-,:[#6]-,:[#6]-,:[#6]-,:[#6]([#6])-,:[#6]",../data/pubchemfp_pattern_images/434.png
435,O-C-C-C-C-C-C-C,"[#8]-,:[#6]-,:[#6]-,:[#6]-,:[#6]-,:[#6]-,:[#6]-,:[#6]",../data/pubchemfp_pattern_images/435.png
436,O-C-C-C-C-C(C)-C,"[#8]-,:[#6]-,:[#6]-,:[#6]-,:[#6]-,:[#6]([#6])-,:[#6]",../data/pubchemfp_pattern_images/436.png
437,O-C-C-C-C-C-O-C,"[#8]-,:[#6]-,:[#6]-,:[#6]-,:[#6]-,:[#6]-,:[#8]-,:[#6]",../data/pubchemfp_pattern_images/437.png
438,O-C-C-C-C-C(O)-C,"[#8]-,:[#6]-,:[#6]-,:[#6]-,:[#6]-,:[#6]([#8])-,:[#6]",../data/pubchemfp_pattern_images/438.png
439,O-C-C-C-C-C-N-C,"[#8]-,:[#6]-,:[#6]-,:[#6]-,:[#6]-,:[#6]-,:[#7]-,:[#6]",../data/pubchemfp_pattern_images/439.png
440,O-C-C-C-C-C(N)-C,"[#8]-,:[#6]-,:[#6]-,:[#6]-,:[#6]-,:[#6]([#7])-,:[#6]",../data/pubchemfp_pattern_images/440.png
441,O=C-C-C-C-C-C-C,"[#8]=,:[#6]-,:[#6]-,:[#6]-,:[#6]-,:[#6]-,:[#6]-,:[#6]",../data/pubchemfp_pattern_images/441.png
442,O=C-C-C-C-C(O)-C,"[#8]=,:[#6]-,:[#6]-,:[#6]-,:[#6]-,:[#6]([#8])-,:[#6]",../data/pubchemfp_pattern_images/442.png
443,O=C-C-C-C-C(=O)-C,"[#8]=,:[#6]-,:[#6]-,:[#6]-,:[#6]-,:[#6](=,:[#8])-,:[#6]",../data/pubchemfp_pattern_images/443.png
444,O=C-C-C-C-C(N)-C,"[#8]=,:[#6]-,:[#6]-,:[#6]-,:[#6]-,:[#6]([#7])-,:[#6]",../data/pubchemfp_pattern_images/444.png
445,C-C(C)-C-C,"[#6]-,:[#6]([#6])-,:[#6]-,:[#6]",../data/pubchemfp_pattern_images/445.png
446,C-C(C)-C-C-C,"[#6]-,:[#6]([#6])-,:[#6]-,:[#6]-,:[#6]",../data/pubchemfp_pattern_images/446.png
447,C-C-C(C)-C-C,"[#6]-,:[#6]-,:[#6]([#6])-,:[#6]-,:[#6]",../data/pubchemfp_pattern_images/447.png
448,C-C(C)(C)-C-C,"[#6]-,:[#6]([#6])([#6])-,:[#6]-,:[#6]",../data/pubchemfp_pattern_images/448.png
449,C-C(C)-C(C)-C,"[#6]-,:[#6]([#6])-,:[#6]([#6])-,:[#6]",../data/pubchemfp_pattern_images/449.png
450,Cc1ccc(C)cc1,[#6]c1ccc([#6])cc1,../data/pubchemfp_pattern_images/450.png
451,Cc1ccc(O)cc1,[#6]c1ccc([#8])cc1,../data/pubchemfp_pattern_images/451.png
452,Cc1ccc(S)cc1,[#6]c1ccc(S)cc1,../data/pubchemfp_pattern_images/452.png
453,Cc1ccc(N)cc1,[#6]c1ccc([#7])cc1,../data/pubchemfp_pattern_images/453.png
454,Cc1ccc(Cl)cc1,[#6]c1ccc([#17])cc1,../data/pubchemfp_pattern_images/454.png
455,Cc1ccc(Br)cc1,[#6]c1ccc([#35])cc1,../data/pubchemfp_pattern_images/455.png
456,Oc1ccc(O)cc1,[#8]c1ccc([#8])cc1,../data/pubchemfp_pattern_images/456.png
457,Oc1ccc(S)cc1,[#8]c1ccc(S)cc1,../data/pubchemfp_pattern_images/457.png
458,Oc1ccc(N)cc1,[#8]c1ccc([#7])cc1,../data/pubchemfp_pattern_images/458.png
459,Oc1ccc(Cl)cc1,[#8]c1ccc([#17])cc1,../data/pubchemfp_pattern_images/459.png
460,Oc1ccc(Br)cc1,[#8]c1ccc([#35])cc1,../data/pubchemfp_pattern_images/460.png
461,Sc1ccc(S)cc1,Sc1ccc(S)cc1,../data/pubchemfp_pattern_images/461.png
462,Sc1ccc(N)cc1,Sc1ccc([#7])cc1,../data/pubchemfp_pattern_images/462.png
463,Sc1ccc(Cl)cc1,Sc1ccc([#17])cc1,../data/pubchemfp_pattern_images/463.png
464,Sc1ccc(Br)cc1,Sc1ccc([#35])cc1,../data/pubchemfp_pattern_images/464.png
465,Nc1ccc(N)cc1,[#7]c1ccc([#7])cc1,../data/pubchemfp_pattern_images/465.png
466,Nc1ccc(Cl)cc1,[#7]c1ccc([#17])cc1,../data/pubchemfp_pattern_images/466.png
467,Nc1ccc(Br)cc1,[#7]c1ccc([#35])cc1,../data/pubchemfp_pattern_images/467.png
468,Clc1ccc(Cl)cc1,[#17]c1ccc([#17])cc1,../data/pubchemfp_pattern_images/468.png
469,Clc1ccc(Br)cc1,[#17]c1ccc([#35])cc1,../data/pubchemfp_pattern_images/469.png
470,Brc1ccc(Br)cc1,[#35]c1ccc([#35])cc1,../data/pubchemfp_pattern_images/470.png
471,Cc1cc(C)ccc1,[#6]c1cc([#6])ccc1,../data/pubchemfp_pattern_images/471.png
472,Cc1cc(O)ccc1,[#6]c1cc([#8])ccc1,../data/pubchemfp_pattern_images/472.png
473,Cc1cc(S)ccc1,[#6]c1cc(S)ccc1,../data/pubchemfp_pattern_images/473.png
474,Cc1cc(N)ccc1,[#6]c1cc([#7])ccc1,../data/pubchemfp_pattern_images/474.png
475,Cc1cc(Cl)ccc1,[#6]c1cc([#17])ccc1,../data/pubchemfp_pattern_images/475.png
476,Cc1cc(Br)ccc1,[#6]c1cc([#35])ccc1,../data/pubchemfp_pattern_images/476.png
477,Oc1cc(O)ccc1,[#8]c1cc([#8])ccc1,../data/pubchemfp_pattern_images/477.png
478,Oc1cc(S)ccc1,[#8]c1cc(S)ccc1,../data/pubchemfp_pattern_images/478.png
479,Oc1cc(N)ccc1,[#8]c1cc([#7])ccc1,../data/pubchemfp_pattern_images/479.png
480,Oc1cc(Cl)ccc1,[#8]c1cc([#17])ccc1,../data/pubchemfp_pattern_images/480.png
481,Oc1cc(Br)ccc1,[#8]c1cc([#35])ccc1,../data/pubchemfp_pattern_images/481.png
482,Sc1cc(S)ccc1,Sc1cc(S)ccc1,../data/pubchemfp_pattern_images/482.png
483,Sc1cc(N)ccc1,Sc1cc([#7])ccc1,../data/pubchemfp_pattern_images/483.png
484,Sc1cc(Cl)ccc1,Sc1cc([#17])ccc1,../data/pubchemfp_pattern_images/484.png
485,Sc1cc(Br)ccc1,Sc1cc([#35])ccc1,../data/pubchemfp_pattern_images/485.png
486,Nc1cc(N)ccc1,[#7]c1cc([#7])ccc1,../data/pubchemfp_pattern_images/486.png
487,Nc1cc(Cl)ccc1,[#7]c1cc([#17])ccc1,../data/pubchemfp_pattern_images/487.png
488,Nc1cc(Br)ccc1,[#7]c1cc([#35])ccc1,../data/pubchemfp_pattern_images/488.png
489,Clc1cc(Cl)ccc1,[#17]c1cc([#17])ccc1,../data/pubchemfp_pattern_images/489.png
490,Clc1cc(Br)ccc1,[#17]c1cc([#35])ccc1,../data/pubchemfp_pattern_images/490.png
491,Brc1cc(Br)ccc1,[#35]c1cc([#35])ccc1,../data/pubchemfp_pattern_images/491.png
492,Cc1c(C)cccc1,[#6]c1c([#6])cccc1,../data/pubchemfp_pattern_images/492.png
493,Cc1c(O)cccc1,[#6]c1c([#8])cccc1,../data/pubchemfp_pattern_images/493.png
494,Cc1c(S)cccc1,[#6]c1c(S)cccc1,../data/pubchemfp_pattern_images/494.png
495,Cc1c(N)cccc1,[#6]c1c([#7])cccc1,../data/pubchemfp_pattern_images/495.png
496,Cc1c(Cl)cccc1,[#6]c1c([#17])cccc1,../data/pubchemfp_pattern_images/496.png
497,Cc1c(Br)cccc1,[#6]c1c([#35])cccc1,../data/pubchemfp_pattern_images/497.png
498,Oc1c(O)cccc1,[#8]c1c([#8])cccc1,../data/pubchemfp_pattern_images/498.png
499,Oc1c(S)cccc1,[#8]c1c(S)cccc1,../data/pubchemfp_pattern_images/499.png
500,Oc1c(N)cccc1,[#8]c1c([#7])cccc1,../data/pubchemfp_pattern_images/500.png
501,Oc1c(Cl)cccc1,[#8]c1c([#17])cccc1,../data/pubchemfp_pattern_images/501.png
502,Oc1c(Br)cccc1,[#8]c1c([#35])cccc1,../data/pubchemfp_pattern_images/502.png
503,Sc1c(S)cccc1,Sc1c(S)cccc1,../data/pubchemfp_pattern_images/503.png
504,Sc1c(N)cccc1,Sc1c([#7])cccc1,../data/pubchemfp_pattern_images/504.png
505,Sc1c(Cl)cccc1,Sc1c([#17])cccc1,../data/pubchemfp_pattern_images/505.png
506,Sc1c(Br)cccc1,Sc1c([#35])cccc1,../data/pubchemfp_pattern_images/506.png
507,Nc1c(N)cccc1,[#7]c1c([#7])cccc1,../data/pubchemfp_pattern_images/507.png
508,Nc1c(Cl)cccc1,[#7]c1c([#17])cccc1,../data/pubchemfp_pattern_images/508.png
509,Nc1c(Br)cccc1,[#7]c1c([#35])cccc1,../data/pubchemfp_pattern_images/509.png
510,Clc1c(Cl)cccc1,[#17]c1c([#17])cccc1,../data/pubchemfp_pattern_images/510.png
511,Clc1c(Br)cccc1,[#17]c1c([#35])cccc1,../data/pubchemfp_pattern_images/511.png
512,Brc1c(Br)cccc1,[#35]c1c([#35])cccc1,../data/pubchemfp_pattern_images/512.png
513,CC1CCC(C)CC1,[#6][#6]1[#6][#6][#6]([#6])[#6][#6]1,../data/pubchemfp_pattern_images/513.png
514,CC1CCC(O)CC1,[#6][#6]1[#6][#6][#6]([#8])[#6][#6]1,../data/pubchemfp_pattern_images/514.png
515,CC1CCC(S)CC1,[#6][#6]1[#6][#6][#6](S)[#6][#6]1,../data/pubchemfp_pattern_images/515.png
516,CC1CCC(N)CC1,[#6][#6]1[#6][#6][#6]([#7])[#6][#6]1,../data/pubchemfp_pattern_images/516.png
517,CC1CCC(Cl)CC1,[#6][#6]1[#6][#6][#6]([#17])[#6][#6]1,../data/pubchemfp_pattern_images/517.png
518,CC1CCC(Br)CC1,[#6][#6]1[#6][#6][#6]([#35])[#6][#6]1,../data/pubchemfp_pattern_images/518.png
519,OC1CCC(O)CC1,[#8][#6]1[#6][#6][#6]([#8])[#6][#6]1,../data/pubchemfp_pattern_images/519.png
520,OC1CCC(S)CC1,[#8][#6]1[#6][#6][#6](S)[#6][#6]1,../data/pubchemfp_pattern_images/520.png
521,OC1CCC(N)CC1,[#8][#6]1[#6][#6][#6]([#7])[#6][#6]1,../data/pubchemfp_pattern_images/521.png
522,OC1CCC(Cl)CC1,[#8][#6]1[#6][#6][#6]([#17])[#6][#6]1,../data/pubchemfp_pattern_images/522.png
523,OC1CCC(Br)CC1,[#8][#6]1[#6][#6][#6]([#35])[#6][#6]1,../data/pubchemfp_pattern_images/523.png
524,SC1CCC(S)CC1,S[#6]1[#6][#6][#6](S)[#6][#6]1,../data/pubchemfp_pattern_images/524.png
525,SC1CCC(N)CC1,S[#6]1[#6][#6][#6]([#7])[#6][#6]1,../data/pubchemfp_pattern_images/525.png
526,SC1CCC(Cl)CC1,S[#6]1[#6][#6][#6]([#17])[#6][#6]1,../data/pubchemfp_pattern_images/526.png
527,SC1CCC(Br)CC1,S[#6]1[#6][#6][#6]([#35])[#6][#6]1,../data/pubchemfp_pattern_images/527.png
528,NC1CCC(N)CC1,[#7][#6]1[#6][#6][#6]([#7])[#6][#6]1,../data/pubchemfp_pattern_images/528.png
529,NC1CCC(Cl)CC1,[#7][#6]1[#6][#6][#6]([#17])[#6][#6]1,../data/pubchemfp_pattern_images/529.png
530,NC1CCC(Br)CC1,[#7][#6]1[#6][#6][#6]([#35])[#6][#6]1,../data/pubchemfp_pattern_images/530.png
531,ClC1CCC(Cl)CC1,[#17][#6]1[#6][#6][#6]([#17])[#6][#6]1,../data/pubchemfp_pattern_images/531.png
532,ClC1CCC(Br)CC1,[#17][#6]1[#6][#6][#6]([#35])[#6][#6]1,../data/pubchemfp_pattern_images/532.png
533,BrC1CCC(Br)CC1,[#35][#6]1[#6][#6][#6]([#35])[#6][#6]1,../data/pubchemfp_pattern_images/533.png
534,CC1CC(C)CCC1,[#6][#6]1[#6][#6]([#6])[#6][#6][#6]1,../data/pubchemfp_pattern_images/534.png
535,CC1CC(O)CCC1,[#6][#6]1[#6][#6]([#8])[#6][#6][#6]1,../data/pubchemfp_pattern_images/535.png
536,CC1CC(S)CCC1,[#6][#6]1[#6][#6](S)[#6][#6][#6]1,../data/pubchemfp_pattern_images/536.png
537,CC1CC(N)CCC1,[#6][#6]1[#6][#6]([#7])[#6][#6][#6]1,../data/pubchemfp_pattern_images/537.png
538,CC1CC(Cl)CCC1,[#6][#6]1[#6][#6]([#17])[#6][#6][#6]1,../data/pubchemfp_pattern_images/538.png
539,CC1CC(Br)CCC1,[#6][#6]1[#6][#6]([#35])[#6][#6][#6]1,../data/pubchemfp_pattern_images/539.png
540,OC1CC(O)CCC1,[#8][#6]1[#6][#6]([#8])[#6][#6][#6]1,../data/pubchemfp_pattern_images/540.png
541,OC1CC(S)CCC1,[#8][#6]1[#6][#6](S)[#6][#6][#6]1,../data/pubchemfp_pattern_images/541.png
542,OC1CC(N)CCC1,[#8][#6]1[#6][#6]([#7])[#6][#6][#6]1,../data/pubchemfp_pattern_images/542.png
543,OC1CC(Cl)CCC1,[#8][#6]1[#6][#6]([#17])[#6][#6][#6]1,../data/pubchemfp_pattern_images/543.png
544,OC1CC(Br)CCC1,[#8][#6]1[#6][#6]([#35])[#6][#6][#6]1,../data/pubchemfp_pattern_images/544.png
545,SC1CC(S)CCC1,S[#6]1[#6][#6](S)[#6][#6][#6]1,../data/pubchemfp_pattern_images/545.png
546,SC1CC(N)CCC1,S[#6]1[#6][#6]([#7])[#6][#6][#6]1,../data/pubchemfp_pattern_images/546.png
547,SC1CC(Cl)CCC1,S[#6]1[#6][#6]([#17])[#6][#6][#6]1,../data/pubchemfp_pattern_images/547.png
548,SC1CC(Br)CCC1,S[#6]1[#6][#6]([#35])[#6][#6][#6]1,../data/pubchemfp_pattern_images/548.png
549,NC1CC(N)CCC1,[#7][#6]1[#6][#6]([#7])[#6][#6][#6]1,../data/pubchemfp_pattern_images/549.png
550,NC1CC(Cl)CCC1,[#7][#6]1[#6][#6]([#17])[#6][#6][#6]1,../data/pubchemfp_pattern_images/550.png
551,NC1CC(Br)CCC1,[#7][#6]1[#6][#6]([#35])[#6][#6][#6]1,../data/pubchemfp_pattern_images/551.png
552,ClC1CC(Cl)CCC1,[#17][#6]1[#6][#6]([#17])[#6][#6][#6]1,../data/pubchemfp_pattern_images/552.png
553,ClC1CC(Br)CCC1,[#17][#6]1[#6][#6]([#35])[#6][#6][#6]1,../data/pubchemfp_pattern_images/553.png
554,BrC1CC(Br)CCC1,[#35][#6]1[#6][#6]([#35])[#6][#6][#6]1,../data/pubchemfp_pattern_images/554.png
555,CC1C(C)CCCC1,[#6][#6]1[#6]([#6])[#6][#6][#6][#6]1,../data/pubchemfp_pattern_images/555.png
556,CC1C(O)CCCC1,[#6][#6]1[#6]([#8])[#6][#6][#6][#6]1,../data/pubchemfp_pattern_images/556.png
557,CC1C(S)CCCC1,[#6][#6]1[#6](S)[#6][#6][#6][#6]1,../data/pubchemfp_pattern_images/557.png
558,CC1C(N)CCCC1,[#6][#6]1[#6]([#7])[#6][#6][#6][#6]1,../data/pubchemfp_pattern_images/558.png
559,CC1C(Cl)CCCC1,[#6][#6]1[#6]([#17])[#6][#6][#6][#6]1,../data/pubchemfp_pattern_images/559.png
560,CC1C(Br)CCCC1,[#6][#6]1[#6]([#35])[#6][#6][#6][#6]1,../data/pubchemfp_pattern_images/560.png
561,OC1C(O)CCCC1,[#8][#6]1[#6]([#8])[#6][#6][#6][#6]1,../data/pubchemfp_pattern_images/561.png
562,OC1C(S)CCCC1,[#8][#6]1[#6](S)[#6][#6][#6][#6]1,../data/pubchemfp_pattern_images/562.png
563,OC1C(N)CCCC1,[#8][#6]1[#6]([#7])[#6][#6][#6][#6]1,../data/pubchemfp_pattern_images/563.png
564,OC1C(Cl)CCCC1,[#8][#6]1[#6]([#17])[#6][#6][#6][#6]1,../data/pubchemfp_pattern_images/564.png
565,OC1C(Br)CCCC1,[#8][#6]1[#6]([#35])[#6][#6][#6][#6]1,../data/pubchemfp_pattern_images/565.png
566,SC1C(S)CCCC1,S[#6]1[#6](S)[#6][#6][#6][#6]1,../data/pubchemfp_pattern_images/566.png
567,SC1C(N)CCCC1,S[#6]1[#6]([#7])[#6][#6][#6][#6]1,../data/pubchemfp_pattern_images/567.png
568,SC1C(Cl)CCCC1,S[#6]1[#6]([#17])[#6][#6][#6][#6]1,../data/pubchemfp_pattern_images/568.png
569,SC1C(Br)CCCC1,S[#6]1[#6]([#35])[#6][#6][#6][#6]1,../data/pubchemfp_pattern_images/569.png
570,NC1C(N)CCCC1,[#7][#6]1[#6]([#7])[#6][#6][#6][#6]1,../data/pubchemfp_pattern_images/570.png
571,NC1C(Cl)CCCC1,[#7][#6]1[#6]([#17])[#6][#6][#6][#6]1,../data/pubchemfp_pattern_images/571.png
572,NC1C(Br)CCCC1,[#7][#6]1[#6]([#35])[#6][#6][#6][#6]1,../data/pubchemfp_pattern_images/572.png
573,ClC1C(Cl)CCCC1,[#17][#6]1[#6]([#17])[#6][#6][#6][#6]1,../data/pubchemfp_pattern_images/573.png
574,ClC1C(Br)CCCC1,[#17][#6]1[#6]([#35])[#6][#6][#6][#6]1,../data/pubchemfp_pattern_images/574.png
575,BrC1C(Br)CCCC1,[#35][#6]1[#6]([#35])[#6][#6][#6][#6]1,../data/pubchemfp_pattern_images/575.png
576,CC1CC(C)CC1,[#6][#6]1[#6][#6]([#6])[#6][#6]1,../data/pubchemfp_pattern_images/576.png
577,CC1CC(O)CC1,[#6][#6]1[#6][#6]([#8])[#6][#6]1,../data/pubchemfp_pattern_images/577.png
578,CC1CC(S)CC1,[#6][#6]1[#6][#6](S)[#6][#6]1,../data/pubchemfp_pattern_images/578.png
579,CC1CC(N)CC1,[#6][#6]1[#6][#6]([#7])[#6][#6]1,../data/pubchemfp_pattern_images/579.png
580,CC1CC(Cl)CC1,[#6][#6]1[#6][#6]([#17])[#6][#6]1,../data/pubchemfp_pattern_images/580.png
581,CC1CC(Br)CC1,[#6][#6]1[#6][#6]([#35])[#6][#6]1,../data/pubchemfp_pattern_images/581.png
582,OC1CC(O)CC1,[#8][#6]1[#6][#6]([#8])[#6][#6]1,../data/pubchemfp_pattern_images/582.png
583,OC1CC(S)CC1,[#8][#6]1[#6][#6](S)[#6][#6]1,../data/pubchemfp_pattern_images/583.png
584,OC1CC(N)CC1,[#8][#6]1[#6][#6]([#7])[#6][#6]1,../data/pubchemfp_pattern_images/584.png
585,OC1CC(Cl)CC1,[#8][#6]1[#6][#6]([#17])[#6][#6]1,../data/pubchemfp_pattern_images/585.png
586,OC1CC(Br)CC1,[#8][#6]1[#6][#6]([#35])[#6][#6]1,../data/pubchemfp_pattern_images/586.png
587,SC1CC(S)CC1,S[#6]1[#6][#6](S)[#6][#6]1,../data/pubchemfp_pattern_images/587.png
588,SC1CC(N)CC1,S[#6]1[#6][#6]([#7])[#6][#6]1,../data/pubchemfp_pattern_images/588.png
589,SC1CC(Cl)CC1,S[#6]1[#6][#6]([#17])[#6][#6]1,../data/pubchemfp_pattern_images/589.png
590,SC1CC(Br)CC1,S[#6]1[#6][#6]([#35])[#6][#6]1,../data/pubchemfp_pattern_images/590.png
591,NC1CC(N)CC1,[#7][#6]1[#6][#6]([#7])[#6][#6]1,../data/pubchemfp_pattern_images/591.png
592,NC1CC(Cl)CC1,[#7][#6]1[#6][#6]([#17])[#6][#6]1,../data/pubchemfp_pattern_images/592.png
593,NC1CC(Br)CC1,[#7][#6]1[#6][#6]([#35])[#6][#6]1,../data/pubchemfp_pattern_images/593.png
594,ClC1CC(Cl)CC1,[#17][#6]1[#6][#6]([#17])[#6][#6]1,../data/pubchemfp_pattern_images/594.png
595,ClC1CC(Br)CC1,[#17][#6]1[#6][#6]([#35])[#6][#6]1,../data/pubchemfp_pattern_images/595.png
596,BrC1CC(Br)CC1,[#35][#6]1[#6][#6]([#35])[#6][#6]1,../data/pubchemfp_pattern_images/596.png
597,CC1C(C)CCC1,[#6][#6]1[#6]([#6])[#6][#6][#6]1,../data/pubchemfp_pattern_images/597.png
598,CC1C(O)CCC1,[#6][#6]1[#6]([#8])[#6][#6][#6]1,../data/pubchemfp_pattern_images/598.png
599,CC1C(S)CCC1,[#6][#6]1[#6](S)[#6][#6][#6]1,../data/pubchemfp_pattern_images/599.png
600,CC1C(N)CCC1,[#6][#6]1[#6]([#7])[#6][#6][#6]1,../data/pubchemfp_pattern_images/600.png
601,CC1C(Cl)CCC1,[#6][#6]1[#6]([#17])[#6][#6][#6]1,../data/pubchemfp_pattern_images/601.png
602,CC1C(Br)CCC1,[#6][#6]1[#6]([#35])[#6][#6][#6]1,../data/pubchemfp_pattern_images/602.png
603,OC1C(O)CCC1,[#8][#6]1[#6]([#8])[#6][#6][#6]1,../data/pubchemfp_pattern_images/603.png
604,OC1C(S)CCC1,[#8][#6]1[#6](S)[#6][#6][#6]1,../data/pubchemfp_pattern_images/604.png
605,OC1C(N)CCC1,[#8][#6]1[#6]([#7])[#6][#6][#6]1,../data/pubchemfp_pattern_images/605.png
606,OC1C(Cl)CCC1,[#8][#6]1[#6]([#17])[#6][#6][#6]1,../data/pubchemfp_pattern_images/606.png
607,OC1C(Br)CCC1,[#8][#6]1[#6]([#35])[#6][#6][#6]1,../data/pubchemfp_pattern_images/607.png
608,SC1C(S)CCC1,S[#6]1[#6](S)[#6][#6][#6]1,../data/pubchemfp_pattern_images/608.png
609,SC1C(N)CCC1,S[#6]1[#6]([#7])[#6][#6][#6]1,../data/pubchemfp_pattern_images/609.png
610,SC1C(Cl)CCC1,S[#6]1[#6]([#17])[#6][#6][#6]1,../data/pubchemfp_pattern_images/610.png
611,SC1C(Br)CCC1,S[#6]1[#6]([#35])[#6][#6][#6]1,../data/pubchemfp_pattern_images/611.png
612,NC1C(N)CCC1,[#7][#6]1[#6]([#7])[#6][#6][#6]1,../data/pubchemfp_pattern_images/612.png
613,NC1C(Cl)CC1,[#7][#6]1[#6]([#17])[#6][#6]1,../data/pubchemfp_pattern_images/613.png
614,NC1C(Br)CCC1,[#7][#6]1[#6]([#35])[#6][#6][#6]1,../data/pubchemfp_pattern_images/614.png
615,ClC1C(Cl)CCC1,[#17][#6]1[#6]([#17])[#6][#6][#6]1,../data/pubchemfp_pattern_images/615.png
616,ClC1C(Br)CCC1,[#17][#6]1[#6]([#35])[#6][#6][#6]1,../data/pubchemfp_pattern_images/616.png
617,BrC1C(Br)CCC1,[#35][#6]1[#6]([#35])[#6][#6][#6]1,../data/pubchemfp_pattern_images/617.png
